{
    "power_aircompressor_a": 28382.24128,
    "power_aircompressor_b": 203245.33696,
    "power_aircompressor_c": 2.72591
}
