{
    "power_pump_b": 0.00888,
    "power_pump_a": 19.41163
}
